"No.","Time","Source","Destination","Protocol","Length","Info"
"1","2024/048 13:31:30.861796","34.149.100.209","192.168.4.133","TLSv1.2","2866","Application Data, Application Data"
"2","2024/048 13:31:30.861851","192.168.4.133","34.149.100.209","TCP","66","47300  >  443 [ACK] Seq=1 Ack=2801 Win=496 Len=0 TSval=798993883 TSecr=917759914"
"3","2024/048 13:31:30.863152","34.149.100.209","192.168.4.133","TLSv1.2","2866","Application Data, Application Data"
"4","2024/048 13:31:30.863223","192.168.4.133","34.149.100.209","TCP","66","47300  >  443 [ACK] Seq=1 Ack=5601 Win=496 Len=0 TSval=798993884 TSecr=917759915"
"5","2024/048 13:31:30.865779","34.149.100.209","192.168.4.133","TLSv1.2","2866","Application Data, Application Data"
"6","2024/048 13:31:30.865833","192.168.4.133","34.149.100.209","TCP","66","47300  >  443 [ACK] Seq=1 Ack=8401 Win=496 Len=0 TSval=798993887 TSecr=917759917"
"7","2024/048 13:31:30.867878","34.149.100.209","192.168.4.133","TLSv1.2","2866","Application Data, Application Data"
"8","2024/048 13:31:30.867929","192.168.4.133","34.149.100.209","TCP","66","47300  >  443 [ACK] Seq=1 Ack=11201 Win=496 Len=0 TSval=798993889 TSecr=917759918"
"9","2024/048 13:31:30.870206","34.149.100.209","192.168.4.133","TLSv1.2","2866","Application Data, Application Data"
"10","2024/048 13:31:30.870240","192.168.4.133","34.149.100.209","TCP","66","47300  >  443 [ACK] Seq=1 Ack=14001 Win=496 Len=0 TSval=798993891 TSecr=917759919"
"11","2024/048 13:31:30.870207","34.149.100.209","192.168.4.133","TLSv1.2","2866","Application Data, Application Data"
"12","2024/048 13:31:30.870323","192.168.4.133","34.149.100.209","TCP","66","47300  >  443 [ACK] Seq=1 Ack=16801 Win=480 Len=0 TSval=798993891 TSecr=917759921"
"13","2024/048 13:31:30.872381","34.149.100.209","192.168.4.133","TLSv1.2","2866","Application Data, Application Data"
"14","2024/048 13:31:30.872402","192.168.4.133","34.149.100.209","TCP","66","47300  >  443 [ACK] Seq=1 Ack=19601 Win=496 Len=0 TSval=798993893 TSecr=917759922"
"15","2024/048 13:31:30.874101","34.149.100.209","192.168.4.133","TLSv1.2","2866","Application Data, Application Data"
"16","2024/048 13:31:30.874131","192.168.4.133","34.149.100.209","TCP","66","47300  >  443 [ACK] Seq=1 Ack=22401 Win=496 Len=0 TSval=798993895 TSecr=917759924"
"17","2024/048 13:31:30.874101","34.149.100.209","192.168.4.133","TLSv1.2","1466","Application Data"
"18","2024/048 13:31:30.875507","34.149.100.209","192.168.4.133","TLSv1.2","1466","Application Data"
"19","2024/048 13:31:30.875542","192.168.4.133","34.149.100.209","TCP","66","47300  >  443 [ACK] Seq=1 Ack=25201 Win=501 Len=0 TSval=798993897 TSecr=917759925"
"20","2024/048 13:31:30.876605","34.149.100.209","192.168.4.133","TLSv1.2","1466","Application Data"
"21","2024/048 13:31:30.877815","34.149.100.209","192.168.4.133","TLSv1.2","1466","Application Data"
"22","2024/048 13:31:30.877849","192.168.4.133","34.149.100.209","TCP","66","47300  >  443 [ACK] Seq=1 Ack=28001 Win=524 Len=0 TSval=798993899 TSecr=917759927"
"23","2024/048 13:31:30.877815","34.149.100.209","192.168.4.133","TLSv1.2","1466","Application Data"
"24","2024/048 13:31:30.879577","34.149.100.209","192.168.4.133","TLSv1.2","1466","Application Data"
"25","2024/048 13:31:30.879613","192.168.4.133","34.149.100.209","TCP","66","47300  >  443 [ACK] Seq=1 Ack=30801 Win=569 Len=0 TSval=798993901 TSecr=917759928"
"26","2024/048 13:31:30.879577","34.149.100.209","192.168.4.133","TLSv1.2","2259","Application Data, Application Data, Application Data"
"27","2024/048 13:31:30.879661","192.168.4.133","34.149.100.209","TCP","66","47300  >  443 [ACK] Seq=1 Ack=32994 Win=603 Len=0 TSval=798993901 TSecr=917759930"
"28","2024/048 13:31:30.879953","192.168.4.133","34.149.100.209","TLSv1.2","112","Application Data"
"29","2024/048 13:31:30.894879","192.168.4.133","192.168.4.1","DNS","95","Standard query 0x054c A content-signature-2.cdn.mozilla.net"
"30","2024/048 13:31:30.912177","Netgear_2c:58:ef","Broadcast","ARP","42","ARP Announcement for 192.168.4.133"
"31","2024/048 13:31:30.918965","34.149.100.209","192.168.4.133","TCP","66","443  >  47300 [ACK] Seq=32994 Ack=47 Win=273 Len=0 TSval=917759971 TSecr=798993901"
"32","2024/048 13:31:30.936877","192.168.4.1","192.168.4.133","DNS","417","Standard query response 0x054c A content-signature-2.cdn.mozilla.net CNAME content-signature-chains.prod.autograph.services.mozaws.net CNAME prod.content-signature-chains.prod.webservices.mozgcp.net A 34.160.144.191 OPT"
"33","2024/048 13:31:30.937333","192.168.4.133","34.160.144.191","TCP","74","46270  >  443 [SYN] Seq=0 Win=64240 Len=0 MSS=1460 SACK_PERM TSval=165233202 TSecr=0 WS=128"
"34","2024/048 13:31:30.971191","34.160.144.191","192.168.4.133","TCP","74","443  >  46270 [SYN, ACK] Seq=0 Ack=1 Win=65535 Len=0 MSS=1412 SACK_PERM TSval=4113263144 TSecr=165233202 WS=256"
"35","2024/048 13:31:30.971233","192.168.4.133","34.160.144.191","TCP","66","46270  >  443 [ACK] Seq=1 Ack=1 Win=64256 Len=0 TSval=165233236 TSecr=4113263144"
"36","2024/048 13:31:30.971468","192.168.4.133","34.160.144.191","TLSv1.2","282","Client Hello (SNI=content-signature-2.cdn.mozilla.net)"
"37","2024/048 13:31:30.984231","fe80::aeec:85ff:fe26:6ad","ff02::1","ICMPv6","94","Router Advertisement"
"38","2024/048 13:31:31.011609","34.160.144.191","192.168.4.133","TLSv1.2","2866","Server Hello"
"39","2024/048 13:31:31.011652","192.168.4.133","34.160.144.191","TCP","66","46270  >  443 [ACK] Seq=217 Ack=2801 Win=63488 Len=0 TSval=165233277 TSecr=4113263187"
"40","2024/048 13:31:31.011609","34.160.144.191","192.168.4.133","TLSv1.2","1668","Certificate, Server Key Exchange, Server Hello Done"
"41","2024/048 13:31:31.011701","192.168.4.133","34.160.144.191","TCP","66","46270  >  443 [ACK] Seq=217 Ack=4403 Win=61952 Len=0 TSval=165233277 TSecr=4113263187"
"42","2024/048 13:31:31.011609","34.160.144.191","192.168.4.133","TCP","66","443  >  46270 [ACK] Seq=1 Ack=217 Win=66816 Len=0 TSval=4113263184 TSecr=165233237"
"43","2024/048 13:31:31.011715","192.168.4.133","34.160.144.191","TCP","66","[TCP Dup ACK 41#1] 46270  >  443 [ACK] Seq=217 Ack=4403 Win=61952 Len=0 TSval=165233277 TSecr=4113263187"
"44","2024/048 13:31:31.013823","192.168.4.133","34.160.144.191","TLSv1.2","159","Client Key Exchange, Change Cipher Spec, Encrypted Handshake Message"
"45","2024/048 13:31:31.049272","34.160.144.191","192.168.4.133","TLSv1.2","361","New Session Ticket, Change Cipher Spec, Encrypted Handshake Message"
"46","2024/048 13:31:31.049273","34.160.144.191","192.168.4.133","TLSv1.2","135","Application Data"
"47","2024/048 13:31:31.049919","192.168.4.133","34.160.144.191","TCP","66","46270  >  443 [ACK] Seq=310 Ack=4767 Win=64128 Len=0 TSval=165233315 TSecr=4113263224"
"48","2024/048 13:31:31.050216","192.168.4.133","34.160.144.191","TLSv1.2","243","Application Data"
"49","2024/048 13:31:31.050257","192.168.4.133","34.160.144.191","TLSv1.2","301","Application Data"
"50","2024/048 13:31:31.051354","192.168.4.133","34.160.144.191","TLSv1.2","104","Application Data"
"51","2024/048 13:31:31.082032","34.160.144.191","192.168.4.133","TLSv1.2","104","Application Data"
"52","2024/048 13:31:31.086700","34.160.144.191","192.168.4.133","TCP","66","443  >  46270 [ACK] Seq=4805 Ack=760 Win=68864 Len=0 TSval=4113263262 TSecr=165233315"
"53","2024/048 13:31:31.088314","34.160.144.191","192.168.4.133","TLSv1.2","397","Application Data"
"54","2024/048 13:31:31.088314","34.160.144.191","192.168.4.133","TLSv1.2","1466","Application Data"
"55","2024/048 13:31:31.088315","34.160.144.191","192.168.4.133","TLSv1.2","1466","Application Data"
"56","2024/048 13:31:31.088315","34.160.144.191","192.168.4.133","TLSv1.2","2714","Application Data, Application Data"
"57","2024/048 13:31:31.088458","192.168.4.133","34.160.144.191","TCP","66","46270  >  443 [ACK] Seq=760 Ack=10584 Win=60800 Len=0 TSval=165233354 TSecr=4113263256"
"58","2024/048 13:31:31.090459","34.160.144.191","192.168.4.133","TLSv1.2","112","Application Data"
"59","2024/048 13:31:31.090610","192.168.4.133","34.160.144.191","TLSv1.2","112","Application Data"
"60","2024/048 13:31:31.127592","34.160.144.191","192.168.4.133","TCP","66","443  >  46270 [ACK] Seq=10630 Ack=806 Win=68864 Len=0 TSval=4113263303 TSecr=165233356"
"61","2024/048 13:31:31.188995","fe80::aeec:85ff:fe7e:66ed","ff02::1","ICMPv6","94","Router Advertisement"
"62","2024/048 13:31:31.188995","fe80::d605:deff:fe44:3552","ff02::1","ICMPv6","94","Router Advertisement"
"63","2024/048 13:31:31.349476","fe80::8c34:2ce8:7ae8:7635","ff02::16","ICMPv6","110","Multicast Listener Report Message v2"
"64","2024/048 13:31:31.573518","fe80::8c34:2ce8:7ae8:7635","ff02::16","ICMPv6","110","Multicast Listener Report Message v2"
"65","2024/048 13:31:31.582808","192.168.4.133","192.168.4.1","DNS","73","Standard query 0x46f4 A ipv4only.arpa"
"66","2024/048 13:31:31.582845","192.168.4.133","192.168.4.1","DNS","73","Standard query 0x4cf2 AAAA ipv4only.arpa"
"67","2024/048 13:31:31.583354","192.168.4.133","34.107.221.82","HTTP","361","GET /success.txt?ipv4 HTTP/1.1 "
"68","2024/048 13:31:31.583986","192.168.4.133","34.107.243.93","TLSv1.2","105","Application Data"
"69","2024/048 13:31:31.584057","192.168.4.133","34.149.100.209","TLSv1.2","112","Application Data"
"70","2024/048 13:31:31.584083","192.168.4.133","192.168.4.1","DNS","84","Standard query 0xd5e4 A detectportal.firefox.com"
"71","2024/048 13:31:31.584104","192.168.4.133","192.168.4.1","DNS","84","Standard query 0xc8fb AAAA detectportal.firefox.com"
"72","2024/048 13:31:31.616243","34.107.243.93","192.168.4.133","TCP","66","443  >  46196 [ACK] Seq=1 Ack=40 Win=265 Len=0 TSval=1741958542 TSecr=3274453103"
"73","2024/048 13:31:31.617343","34.107.243.93","192.168.4.133","TLSv1.2","105","Application Data"
"74","2024/048 13:31:31.619965","34.149.100.209","192.168.4.133","TCP","66","443  >  47300 [ACK] Seq=32994 Ack=93 Win=273 Len=0 TSval=917760672 TSecr=798994605"
"75","2024/048 13:31:31.621169","34.149.100.209","192.168.4.133","TLSv1.2","112","Application Data"
"76","2024/048 13:31:31.621170","34.107.221.82","192.168.4.133","HTTP","281","HTTP/1.1 200 OK  (text/plain)"
"77","2024/048 13:31:31.621213","192.168.4.133","34.107.221.82","TCP","66","38062  >  80 [ACK] Seq=296 Ack=216 Win=501 Len=0 TSval=1998361930 TSecr=4105756570"
"78","2024/048 13:31:31.626962","192.168.4.1","192.168.4.133","DNS","303","Standard query response 0xd5e4 A detectportal.firefox.com CNAME detectportal.prod.mozaws.net CNAME prod.detectportal.prod.cloudops.mozgcp.net A 34.107.221.82 OPT"
"79","2024/048 13:31:31.626962","192.168.4.1","192.168.4.133","DNS","315","Standard query response 0xc8fb AAAA detectportal.firefox.com CNAME detectportal.prod.mozaws.net CNAME prod.detectportal.prod.cloudops.mozgcp.net AAAA 2600:1901:0:38d7:: OPT"
"80","2024/048 13:31:31.626962","192.168.4.1","192.168.4.133","DNS","167","Standard query response 0x4cf2 AAAA ipv4only.arpa SOA sns.dns.icann.org OPT"
"81","2024/048 13:31:31.626962","192.168.4.1","192.168.4.133","DNS","142","Standard query response 0x46f4 A ipv4only.arpa A 192.0.0.170 A 192.0.0.171 OPT"
"82","2024/048 13:31:31.627421","192.168.4.133","192.168.4.1","DNS","73","Standard query 0x5eec A ipv4only.arpa"
"83","2024/048 13:31:31.627458","192.168.4.133","192.168.4.1","DNS","73","Standard query 0xbbe8 AAAA ipv4only.arpa"
"84","2024/048 13:31:31.627774","192.168.4.133","192.168.4.1","DNS","84","Standard query 0xad42 A detectportal.firefox.com"
"85","2024/048 13:31:31.627798","192.168.4.133","192.168.4.1","DNS","84","Standard query 0x2541 AAAA detectportal.firefox.com"
"86","2024/048 13:31:31.637495","::","ff02::1:ff90:c591","ICMPv6","86","Neighbor Solicitation for fdb8:a2b6:f580:1:c9ad:d486:f290:c591"
"87","2024/048 13:31:31.657468","192.168.4.133","34.107.243.93","TCP","66","46196  >  443 [ACK] Seq=40 Ack=40 Win=501 Len=0 TSval=3274453177 TSecr=1741958544"
"88","2024/048 13:31:31.661465","192.168.4.133","34.149.100.209","TCP","66","47300  >  443 [ACK] Seq=93 Ack=33040 Win=603 Len=0 TSval=798994683 TSecr=917760672"
"89","2024/048 13:31:31.669400","192.168.4.1","192.168.4.133","DNS","167","Standard query response 0xbbe8 AAAA ipv4only.arpa SOA sns.dns.icann.org OPT"
"90","2024/048 13:31:31.669400","192.168.4.1","192.168.4.133","DNS","142","Standard query response 0x5eec A ipv4only.arpa A 192.0.0.170 A 192.0.0.171 OPT"
"91","2024/048 13:31:31.669400","192.168.4.1","192.168.4.133","DNS","315","Standard query response 0x2541 AAAA detectportal.firefox.com CNAME detectportal.prod.mozaws.net CNAME prod.detectportal.prod.cloudops.mozgcp.net AAAA 2600:1901:0:38d7:: OPT"
"92","2024/048 13:31:31.669401","192.168.4.1","192.168.4.133","DNS","303","Standard query response 0xad42 A detectportal.firefox.com CNAME detectportal.prod.mozaws.net CNAME prod.detectportal.prod.cloudops.mozgcp.net A 34.107.221.82 OPT"
"93","2024/048 13:31:31.670098","192.168.4.133","192.168.4.1","DNS","73","Standard query 0x9607 A ipv4only.arpa"
"94","2024/048 13:31:31.670166","192.168.4.133","192.168.4.1","DNS","73","Standard query 0x7e1f AAAA ipv4only.arpa"
"95","2024/048 13:31:31.709284","192.168.4.1","192.168.4.133","DNS","142","Standard query response 0x9607 A ipv4only.arpa A 192.0.0.171 A 192.0.0.170 OPT"
"96","2024/048 13:31:31.709284","192.168.4.1","192.168.4.133","DNS","167","Standard query response 0x7e1f AAAA ipv4only.arpa SOA sns.dns.icann.org OPT"
"97","2024/048 13:31:31.782795","192.168.4.133","34.107.243.93","TLSv1.2","98","Application Data"
"98","2024/048 13:31:31.816932","34.107.243.93","192.168.4.133","TCP","66","443  >  46202 [ACK] Seq=1 Ack=33 Win=272 Len=0 TSval=1603173940 TSecr=3274453302"
"99","2024/048 13:31:31.880128","34.107.243.93","192.168.4.133","TLSv1.2","94","Application Data"
"100","2024/048 13:31:31.880162","192.168.4.133","34.107.243.93","TCP","66","46202  >  443 [ACK] Seq=33 Ack=29 Win=501 Len=0 TSval=3274453399 TSecr=1603174003"
"101","2024/048 13:31:32.008325","fdb8:a2b6:f580:1::1","ff02::fb","MDNS","106","Standard query 0x0000 PTR 133.4.168.192.in-addr.arpa, ""QM"" question"
"102","2024/048 13:31:32.008326","192.168.4.1","224.0.0.251","MDNS","86","Standard query 0x0000 PTR 133.4.168.192.in-addr.arpa, ""QM"" question"
"103","2024/048 13:31:32.808137","192.168.4.133","192.168.4.1","DNS","114","Standard query 0x4c89 A chatgpt-async-webps-prod-eastus-14.webpubsub.azure.com"
"104","2024/048 13:31:32.808201","192.168.4.133","192.168.4.1","DNS","114","Standard query 0xbd71 AAAA chatgpt-async-webps-prod-eastus-14.webpubsub.azure.com"
"105","2024/048 13:31:32.866768","192.168.4.1","192.168.4.133","DNS","195","Standard query response 0x4c89 A chatgpt-async-webps-prod-eastus-14.webpubsub.azure.com A 20.88.154.174 OPT"
"106","2024/048 13:31:32.887305","192.168.4.1","192.168.4.133","DNS","207","Standard query response 0xbd71 AAAA chatgpt-async-webps-prod-eastus-14.webpubsub.azure.com AAAA 2603:1030:210:5::12b OPT"
"107","2024/048 13:31:32.887972","192.168.4.133","20.88.154.174","TCP","74","57436  >  443 [SYN] Seq=0 Win=64240 Len=0 MSS=1460 SACK_PERM TSval=2355527647 TSecr=0 WS=128"
"108","2024/048 13:31:32.912382","Netgear_2c:58:ef","Broadcast","ARP","42","ARP Announcement for 192.168.4.133"
"109","2024/048 13:31:32.939149","20.88.154.174","192.168.4.133","TCP","74","443  >  57436 [SYN, ACK] Seq=0 Ack=1 Win=65160 Len=0 MSS=1440 SACK_PERM TSval=2164854886 TSecr=2355527647 WS=128"
"110","2024/048 13:31:32.939228","192.168.4.133","20.88.154.174","TCP","66","57436  >  443 [ACK] Seq=1 Ack=1 Win=64256 Len=0 TSval=2355527698 TSecr=2164854886"
"111","2024/048 13:31:32.944110","192.168.4.133","20.88.154.174","TLSv1.3","583","Client Hello (SNI=chatgpt-async-webps-prod-eastus-14.webpubsub.azure.com)"
"112","2024/048 13:31:32.994934","20.88.154.174","192.168.4.133","TCP","66","443  >  57436 [ACK] Seq=1 Ack=518 Win=64768 Len=0 TSval=2164854943 TSecr=2355527703"
"113","2024/048 13:31:32.994934","20.88.154.174","192.168.4.133","TCP","66","[TCP Dup ACK 112#1] 443  >  57436 [ACK] Seq=1 Ack=518 Win=64768 Len=0 TSval=2164854943 TSecr=2355527703"
"114","2024/048 13:31:32.996486","20.88.154.174","192.168.4.133","TLSv1.3","2962","Server Hello, Change Cipher Spec, Application Data"
"115","2024/048 13:31:32.996528","192.168.4.133","20.88.154.174","TCP","66","57436  >  443 [ACK] Seq=518 Ack=2897 Win=63488 Len=0 TSval=2355527756 TSecr=2164854946"
"116","2024/048 13:31:32.996486","20.88.154.174","192.168.4.133","TLSv1.3","1266","Application Data"
"117","2024/048 13:31:32.996574","192.168.4.133","20.88.154.174","TCP","66","57436  >  443 [ACK] Seq=518 Ack=4097 Win=62464 Len=0 TSval=2355527756 TSecr=2164854946"
"118","2024/048 13:31:32.996486","20.88.154.174","192.168.4.133","TLSv1.3","251","Application Data, Application Data"
"119","2024/048 13:31:32.996592","192.168.4.133","20.88.154.174","TCP","66","57436  >  443 [ACK] Seq=518 Ack=4282 Win=62336 Len=0 TSval=2355527756 TSecr=2164854946"
"120","2024/048 13:31:33.006817","192.168.4.133","20.88.154.174","TLSv1.3","146","Change Cipher Spec, Application Data"
"121","2024/048 13:31:33.007573","192.168.4.133","20.88.154.174","TLSv1.3","236","Application Data"
"122","2024/048 13:31:33.054500","20.88.154.174","192.168.4.133","TLSv1.3","145","Application Data"
"123","2024/048 13:31:33.054501","20.88.154.174","192.168.4.133","TLSv1.3","145","Application Data"
"124","2024/048 13:31:33.054501","20.88.154.174","192.168.4.133","TLSv1.3","128","Application Data"
"125","2024/048 13:31:33.055539","192.168.4.133","20.88.154.174","TCP","66","57436  >  443 [ACK] Seq=768 Ack=4502 Win=64128 Len=0 TSval=2355527815 TSecr=2164855004"
"126","2024/048 13:31:33.055649","192.168.4.133","20.88.154.174","TLSv1.3","97","Application Data"
"127","2024/048 13:31:33.056316","192.168.4.133","192.168.4.1","DNS","114","Standard query 0x31b8 A chatgpt-async-webps-prod-eastus-14.webpubsub.azure.com"
"128","2024/048 13:31:33.056356","192.168.4.133","192.168.4.1","DNS","114","Standard query 0xfab0 AAAA chatgpt-async-webps-prod-eastus-14.webpubsub.azure.com"
"129","2024/048 13:31:33.059306","20.88.154.174","192.168.4.133","TLSv1.3","97","Application Data"
"130","2024/048 13:31:33.097533","192.168.4.1","192.168.4.133","DNS","207","Standard query response 0xfab0 AAAA chatgpt-async-webps-prod-eastus-14.webpubsub.azure.com AAAA 2603:1030:210:5::12b OPT"
"131","2024/048 13:31:33.097534","192.168.4.1","192.168.4.133","DNS","195","Standard query response 0x31b8 A chatgpt-async-webps-prod-eastus-14.webpubsub.azure.com A 20.88.154.174 OPT"
"132","2024/048 13:31:33.098712","192.168.4.133","20.88.154.174","TCP","74","57448  >  443 [SYN] Seq=0 Win=64240 Len=0 MSS=1460 SACK_PERM TSval=2355527858 TSecr=0 WS=128"
"133","2024/048 13:31:33.101485","192.168.4.133","20.88.154.174","TCP","66","57436  >  443 [ACK] Seq=799 Ack=4533 Win=64128 Len=0 TSval=2355527861 TSecr=2164855008"
"134","2024/048 13:31:33.145584","20.88.154.174","192.168.4.133","TCP","66","443  >  57436 [ACK] Seq=4533 Ack=799 Win=64640 Len=0 TSval=2164855095 TSecr=2355527815"
"135","2024/048 13:31:33.147097","20.88.154.174","192.168.4.133","TCP","74","443  >  57448 [SYN, ACK] Seq=0 Ack=1 Win=65160 Len=0 MSS=1440 SACK_PERM TSval=3087671142 TSecr=2355527858 WS=128"
"136","2024/048 13:31:33.147176","192.168.4.133","20.88.154.174","TCP","66","57448  >  443 [ACK] Seq=1 Ack=1 Win=64256 Len=0 TSval=2355527906 TSecr=3087671142"
"137","2024/048 13:31:33.152323","192.168.4.133","20.88.154.174","TLSv1.3","583","Client Hello (SNI=chatgpt-async-webps-prod-eastus-14.webpubsub.azure.com)"
"138","2024/048 13:31:33.201649","20.88.154.174","192.168.4.133","TCP","66","443  >  57448 [ACK] Seq=1 Ack=518 Win=64768 Len=0 TSval=3087671195 TSecr=2355527911"
"139","2024/048 13:31:33.201650","20.88.154.174","192.168.4.133","TLSv1.3","2962","Server Hello, Change Cipher Spec, Application Data"
"140","2024/048 13:31:33.201727","192.168.4.133","20.88.154.174","TCP","66","57448  >  443 [ACK] Seq=518 Ack=2897 Win=63488 Len=0 TSval=2355527961 TSecr=3087671197"
"141","2024/048 13:31:33.201650","20.88.154.174","192.168.4.133","TLSv1.3","1266","Application Data"
"142","2024/048 13:31:33.201791","192.168.4.133","20.88.154.174","TCP","66","57448  >  443 [ACK] Seq=518 Ack=4097 Win=62464 Len=0 TSval=2355527961 TSecr=3087671197"
"143","2024/048 13:31:33.201650","20.88.154.174","192.168.4.133","TLSv1.3","257","Application Data, Application Data"
"144","2024/048 13:31:33.201820","192.168.4.133","20.88.154.174","TCP","66","57448  >  443 [ACK] Seq=518 Ack=4288 Win=62336 Len=0 TSval=2355527961 TSecr=3087671197"
"145","2024/048 13:31:33.211789","192.168.4.133","20.88.154.174","TLSv1.3","146","Change Cipher Spec, Application Data"
"146","2024/048 13:31:33.212331","192.168.4.133","20.88.154.174","TLSv1.3","1068","Application Data"
"147","2024/048 13:31:33.259608","20.88.154.174","192.168.4.133","TCP","66","443  >  57448 [ACK] Seq=4288 Ack=1600 Win=64128 Len=0 TSval=3087671255 TSecr=2355527971"
"148","2024/048 13:31:33.259608","20.88.154.174","192.168.4.133","TLSv1.3","145","Application Data"
"149","2024/048 13:31:33.259608","20.88.154.174","192.168.4.133","TLSv1.3","145","Application Data"
"150","2024/048 13:31:33.260372","192.168.4.133","20.88.154.174","TCP","66","57448  >  443 [ACK] Seq=1600 Ack=4446 Win=64128 Len=0 TSval=2355528019 TSecr=3087671255"
"151","2024/048 13:31:33.265526","20.88.154.174","192.168.4.133","TLSv1.3","484","Application Data"
"152","2024/048 13:31:33.265527","20.88.154.174","192.168.4.133","TLSv1.3","469","Application Data"
"153","2024/048 13:31:33.267639","192.168.4.133","20.88.154.174","TCP","66","57448  >  443 [ACK] Seq=1600 Ack=5267 Win=64128 Len=0 TSval=2355528027 TSecr=3087671261"
"154","2024/048 13:31:33.666802","192.168.4.133","192.168.4.1","DNS","71","Standard query 0x1295 A example.org"
"155","2024/048 13:31:33.667148","192.168.4.133","192.168.4.1","DNS","71","Standard query 0xfa02 A example.org"
"156","2024/048 13:31:33.667193","192.168.4.133","192.168.4.1","DNS","71","Standard query 0x5305 AAAA example.org"
"157","2024/048 13:31:33.667308","192.168.4.133","192.168.4.1","DNS","73","Standard query 0x11b3 A ipv4only.arpa"
"158","2024/048 13:31:33.667362","192.168.4.133","192.168.4.1","DNS","73","Standard query 0xa5ad AAAA ipv4only.arpa"
"159","2024/048 13:31:33.668095","192.168.4.133","34.107.221.82","HTTP","361","GET /success.txt?ipv4 HTTP/1.1 "
"160","2024/048 13:31:33.669566","192.168.4.133","34.160.144.191","TLSv1.2","112","Application Data"
"161","2024/048 13:31:33.669682","192.168.4.133","20.88.154.174","TLSv1.3","105","Application Data"
"162","2024/048 13:31:33.669712","192.168.4.133","192.168.4.1","DNS","84","Standard query 0x608f A detectportal.firefox.com"
"163","2024/048 13:31:33.669737","192.168.4.133","192.168.4.1","DNS","84","Standard query 0xabf5 AAAA detectportal.firefox.com"
"164","2024/048 13:31:33.706156","34.160.144.191","192.168.4.133","TCP","66","443  >  46270 [ACK] Seq=10630 Ack=852 Win=68864 Len=0 TSval=4113265880 TSecr=165235935"
"165","2024/048 13:31:33.706157","34.160.144.191","192.168.4.133","TLSv1.2","112","Application Data"
"166","2024/048 13:31:33.709195","34.107.221.82","192.168.4.133","HTTP","281","HTTP/1.1 200 OK  (text/plain)"
"167","2024/048 13:31:33.709241","192.168.4.133","34.107.221.82","TCP","66","38062  >  80 [ACK] Seq=591 Ack=431 Win=501 Len=0 TSval=1998364018 TSecr=4105758655"
"168","2024/048 13:31:33.711249","192.168.4.1","192.168.4.133","DNS","109","Standard query response 0xfa02 A example.org A 93.184.216.34 OPT"
"169","2024/048 13:31:33.711250","192.168.4.1","192.168.4.133","DNS","315","Standard query response 0xabf5 AAAA detectportal.firefox.com CNAME detectportal.prod.mozaws.net CNAME prod.detectportal.prod.cloudops.mozgcp.net AAAA 2600:1901:0:38d7:: OPT"
"170","2024/048 13:31:33.711250","192.168.4.1","192.168.4.133","DNS","109","Standard query response 0x1295 A example.org A 93.184.216.34 OPT"
"171","2024/048 13:31:33.711250","192.168.4.1","192.168.4.133","DNS","167","Standard query response 0xa5ad AAAA ipv4only.arpa SOA sns.dns.icann.org OPT"
"172","2024/048 13:31:33.711250","192.168.4.1","192.168.4.133","DNS","303","Standard query response 0x608f A detectportal.firefox.com CNAME detectportal.prod.mozaws.net CNAME prod.detectportal.prod.cloudops.mozgcp.net A 34.107.221.82 OPT"
"173","2024/048 13:31:33.711250","192.168.4.1","192.168.4.133","DNS","142","Standard query response 0x11b3 A ipv4only.arpa A 192.0.0.171 A 192.0.0.170 OPT"
"174","2024/048 13:31:33.711250","192.168.4.1","192.168.4.133","DNS","121","Standard query response 0x5305 AAAA example.org AAAA 2606:2800:220:1:248:1893:25c8:1946 OPT"
"175","2024/048 13:31:33.711954","192.168.4.133","192.168.4.1","DNS","73","Standard query 0xe209 A ipv4only.arpa"
"176","2024/048 13:31:33.712025","192.168.4.133","192.168.4.1","DNS","73","Standard query 0x2e71 AAAA ipv4only.arpa"
"177","2024/048 13:31:33.712143","192.168.4.133","192.168.4.1","DNS","71","Standard query 0xc148 A example.org"
"178","2024/048 13:31:33.712204","192.168.4.133","192.168.4.1","DNS","71","Standard query 0x194c AAAA example.org"
"179","2024/048 13:31:33.712822","192.168.4.133","192.168.4.1","DNS","84","Standard query 0x4c28 A detectportal.firefox.com"
"180","2024/048 13:31:33.712853","192.168.4.133","192.168.4.1","DNS","84","Standard query 0xf535 AAAA detectportal.firefox.com"
"181","2024/048 13:31:33.712872","192.168.4.133","192.168.4.1","DNS","71","Standard query 0xcfa8 A example.org"
"182","2024/048 13:31:33.713581","20.88.154.174","192.168.4.133","TCP","66","443  >  57436 [ACK] Seq=4533 Ack=838 Win=64640 Len=0 TSval=2164855663 TSecr=2355528429"
"183","2024/048 13:31:33.713582","20.88.154.174","192.168.4.133","TLSv1.3","105","Application Data"
"184","2024/048 13:31:33.713619","192.168.4.133","20.88.154.174","TCP","66","57436  >  443 [ACK] Seq=838 Ack=4572 Win=64128 Len=0 TSval=2355528473 TSecr=2164855663"
"185","2024/048 13:31:33.749490","192.168.4.133","34.160.144.191","TCP","66","46270  >  443 [ACK] Seq=852 Ack=10676 Win=64128 Len=0 TSval=165236015 TSecr=4113265880"
"186","2024/048 13:31:33.750901","192.168.4.1","192.168.4.133","DNS","142","Standard query response 0xe209 A ipv4only.arpa A 192.0.0.170 A 192.0.0.171 OPT"
"187","2024/048 13:31:33.750901","192.168.4.1","192.168.4.133","DNS","167","Standard query response 0x2e71 AAAA ipv4only.arpa SOA sns.dns.icann.org OPT"
"188","2024/048 13:31:33.751372","192.168.4.133","192.168.4.1","DNS","73","Standard query 0x99e7 A ipv4only.arpa"
"189","2024/048 13:31:33.751406","192.168.4.133","192.168.4.1","DNS","73","Standard query 0xe1eb AAAA ipv4only.arpa"
"190","2024/048 13:31:33.756275","192.168.4.1","192.168.4.133","DNS","121","Standard query response 0x194c AAAA example.org AAAA 2606:2800:220:1:248:1893:25c8:1946 OPT"
"191","2024/048 13:31:33.756276","192.168.4.1","192.168.4.133","DNS","315","Standard query response 0xf535 AAAA detectportal.firefox.com CNAME detectportal.prod.mozaws.net CNAME prod.detectportal.prod.cloudops.mozgcp.net AAAA 2600:1901:0:38d7:: OPT"
"192","2024/048 13:31:33.756276","192.168.4.1","192.168.4.133","DNS","109","Standard query response 0xc148 A example.org A 93.184.216.34 OPT"
"193","2024/048 13:31:33.756276","192.168.4.1","192.168.4.133","DNS","303","Standard query response 0x4c28 A detectportal.firefox.com CNAME detectportal.prod.mozaws.net CNAME prod.detectportal.prod.cloudops.mozgcp.net A 34.107.221.82 OPT"
"194","2024/048 13:31:33.760694","192.168.4.1","192.168.4.133","DNS","109","Standard query response 0xcfa8 A example.org A 93.184.216.34 OPT"
"195","2024/048 13:31:33.792178","192.168.4.1","192.168.4.133","DNS","142","Standard query response 0x99e7 A ipv4only.arpa A 192.0.0.170 A 192.0.0.171 OPT"
"196","2024/048 13:31:33.792178","192.168.4.1","192.168.4.133","DNS","167","Standard query response 0xe1eb AAAA ipv4only.arpa SOA sns.dns.icann.org OPT"
"197","2024/048 13:31:33.866563","192.168.4.133","34.107.243.93","TLSv1.2","98","Application Data"
"198","2024/048 13:31:33.866652","192.168.4.133","20.88.154.174","TLSv1.3","98","Application Data"
"199","2024/048 13:31:33.904165","34.107.243.93","192.168.4.133","TCP","66","443  >  46202 [ACK] Seq=29 Ack=65 Win=272 Len=0 TSval=1603176027 TSecr=3274455386"
"200","2024/048 13:31:33.914535","20.88.154.174","192.168.4.133","TLSv1.3","94","Application Data"
"201","2024/048 13:31:33.957460","192.168.4.133","20.88.154.174","TCP","66","57448  >  443 [ACK] Seq=1632 Ack=5295 Win=64128 Len=0 TSval=2355528717 TSecr=3087671909"
"202","2024/048 13:31:33.978189","34.107.243.93","192.168.4.133","TLSv1.2","94","Application Data"
"203","2024/048 13:31:33.978230","192.168.4.133","34.107.243.93","TCP","66","46202  >  443 [ACK] Seq=65 Ack=57 Win=501 Len=0 TSval=3274455497 TSecr=1603176102"
"204","2024/048 13:31:35.718126","fe80::d605:deff:fe44:3552","fe80::8c34:2ce8:7ae8:7635","ICMPv6","86","Neighbor Solicitation for fe80::8c34:2ce8:7ae8:7635 from d4:05:de:44:35:52"
"205","2024/048 13:31:35.718199","fe80::8c34:2ce8:7ae8:7635","fe80::d605:deff:fe44:3552","ICMPv6","78","Neighbor Advertisement fe80::8c34:2ce8:7ae8:7635 (sol)"
"206","2024/048 13:31:36.888273","192.168.4.133","34.107.243.93","TLSv1.2","105","Application Data"
"207","2024/048 13:31:36.888379","192.168.4.133","34.149.100.209","TLSv1.2","112","Application Data"
"208","2024/048 13:31:36.922109","34.107.243.93","192.168.4.133","TLSv1.2","105","Application Data"
"209","2024/048 13:31:36.922157","192.168.4.133","34.107.243.93","TCP","66","46196  >  443 [ACK] Seq=79 Ack=79 Win=501 Len=0 TSval=3274458441 TSecr=1741963847"
"210","2024/048 13:31:36.929596","34.149.100.209","192.168.4.133","TLSv1.2","112","Application Data"
"211","2024/048 13:31:36.929642","192.168.4.133","34.149.100.209","TCP","66","47300  >  443 [ACK] Seq=139 Ack=33086 Win=603 Len=0 TSval=798999951 TSecr=917765979"
"212","2024/048 13:31:38.766538","192.168.4.20","224.0.0.251","MDNS","226","Standard query 0x0000 AAAA eero-ac:ec:85:26:06:a0.local, ""QM"" question SRV 9b0880f7bd1eaac2._trel._udp.local, ""QM"" question AAAA eero-ac:ec:85:7e:66:e0.local, ""QM"" question SRV 43c2707683f9be03._trel._udp.local, ""QM"" question AAAA eero-d4:05:de:44:35:40.local, ""QM"" question SRV 8655d54e9b51cd62._trel._udp.local, ""QM"" question"
"213","2024/048 13:31:38.766539","192.168.4.1","224.0.0.251","MDNS","174","Standard query response 0x0000 AAAA, cache flush fdb8:a2b6:f580:1::1 SRV, cache flush 0 0 39588 eero-d4:05:de:44:35:40.local A, cache flush 192.168.4.1"
"214","2024/048 13:31:38.767519","192.168.4.20","224.0.0.251","MDNS","174","Standard query response 0x0000 SRV, cache flush 0 0 39003 eero-ac:ec:85:26:06:a0.local A, cache flush 192.168.4.20 AAAA, cache flush fdb8:a2b6:f580:1:aeec:85ff:fe26:6ad"
"215","2024/048 13:31:38.767520","192.168.4.21","224.0.0.251","MDNS","174","Standard query response 0x0000 AAAA, cache flush fdb8:a2b6:f580:1:aeec:85ff:fe7e:66ed SRV, cache flush 0 0 47866 eero-ac:ec:85:7e:66:e0.local A, cache flush 192.168.4.21"
"216","2024/048 13:31:38.889054","192.168.4.133","34.160.144.191","TLSv1.2","112","Application Data"
"217","2024/048 13:31:38.889123","192.168.4.133","20.88.154.174","TLSv1.3","105","Application Data"
"218","2024/048 13:31:38.922736","34.160.144.191","192.168.4.133","TLSv1.2","112","Application Data"
"219","2024/048 13:31:38.922768","192.168.4.133","34.160.144.191","TCP","66","46270  >  443 [ACK] Seq=898 Ack=10722 Win=64128 Len=0 TSval=165241188 TSecr=4113271096"
"220","2024/048 13:31:38.942858","20.88.154.174","192.168.4.133","TLSv1.3","105","Application Data"
"221","2024/048 13:31:38.942890","192.168.4.133","20.88.154.174","TCP","66","57436  >  443 [ACK] Seq=877 Ack=4611 Win=64128 Len=0 TSval=2355533702 TSecr=2164860891"
"222","2024/048 13:31:39.176099","fdb8:a2b6:f580:1::1","ff02::fb","MDNS","106","Standard query 0x0000 PTR 133.4.168.192.in-addr.arpa, ""QM"" question"
"223","2024/048 13:31:39.176100","192.168.4.1","224.0.0.251","MDNS","86","Standard query 0x0000 PTR 133.4.168.192.in-addr.arpa, ""QM"" question"
"224","2024/048 13:31:39.995336","fdb8:a2b6:f580:1::1","ff02::fb","MDNS","106","Standard query 0x0000 PTR 133.4.168.192.in-addr.arpa, ""QM"" question"
"225","2024/048 13:31:39.995337","192.168.4.1","224.0.0.251","MDNS","86","Standard query 0x0000 PTR 133.4.168.192.in-addr.arpa, ""QM"" question"
"226","2024/048 13:31:40.789546","fe80::8c34:2ce8:7ae8:7635","fe80::d605:deff:fe44:3552","ICMPv6","86","Neighbor Solicitation for fe80::d605:deff:fe44:3552 from e0:46:ee:2c:58:ef"
"227","2024/048 13:31:40.792311","fe80::d605:deff:fe44:3552","fe80::8c34:2ce8:7ae8:7635","ICMPv6","78","Neighbor Advertisement fe80::d605:deff:fe44:3552 (rtr, sol)"
"228","2024/048 13:31:41.190293","192.168.4.1","192.168.4.133","ICMP","42","Echo (ping) request  id=0x35e9, seq=0/0, ttl=64 (reply in 229)"
"229","2024/048 13:31:41.190338","192.168.4.133","192.168.4.1","ICMP","42","Echo (ping) reply    id=0x35e9, seq=0/0, ttl=64 (request in 228)"
"230","2024/048 13:31:42.043219","fdb8:a2b6:f580:1::1","ff02::fb","MDNS","106","Standard query 0x0000 PTR 133.4.168.192.in-addr.arpa, ""QM"" question"
"231","2024/048 13:31:42.043219","192.168.4.1","224.0.0.251","MDNS","86","Standard query 0x0000 PTR 133.4.168.192.in-addr.arpa, ""QM"" question"
"232","2024/048 13:31:42.889755","192.168.4.133","34.107.243.93","TLSv1.2","105","Application Data"
"233","2024/048 13:31:42.889831","192.168.4.133","34.149.100.209","TLSv1.2","112","Application Data"
"234","2024/048 13:31:42.924443","34.107.243.93","192.168.4.133","TLSv1.2","105","Application Data"
"235","2024/048 13:31:42.924474","192.168.4.133","34.107.243.93","TCP","66","46196  >  443 [ACK] Seq=118 Ack=118 Win=501 Len=0 TSval=3274464444 TSecr=1741969849"
"236","2024/048 13:31:42.928365","34.149.100.209","192.168.4.133","TLSv1.2","112","Application Data"
"237","2024/048 13:31:42.928395","192.168.4.133","34.149.100.209","TCP","66","47300  >  443 [ACK] Seq=185 Ack=33132 Win=603 Len=0 TSval=799005949 TSecr=917771979"
"238","2024/048 13:31:43.272008","fdb8:a2b6:f580:1::1","ff02::fb","MDNS","246","Standard query 0x0000 SRV 43c2707683f9be03._trel._udp.local, ""QM"" question AAAA eero-ac:ec:85:7e:66:e0.local, ""QM"" question SRV 9b0880f7bd1eaac2._trel._udp.local, ""QM"" question SRV 8655d54e9b51cd62._trel._udp.local, ""QM"" question AAAA eero-ac:ec:85:26:06:a0.local, ""QM"" question AAAA eero-d4:05:de:44:35:40.local, ""QM"" question"
"239","2024/048 13:31:43.272009","fdb8:a2b6:f580:1::1","ff02::fb","MDNS","178","Standard query response 0x0000 AAAA, cache flush fdb8:a2b6:f580:1::1 SRV, cache flush 0 0 39588 eero-d4:05:de:44:35:40.local"
"240","2024/048 13:31:43.273084","fdb8:a2b6:f580:1:aeec:85ff:fe7e:66ed","ff02::fb","MDNS","178","Standard query response 0x0000 SRV, cache flush 0 0 47866 eero-ac:ec:85:7e:66:e0.local AAAA, cache flush fdb8:a2b6:f580:1:aeec:85ff:fe7e:66ed"
"241","2024/048 13:31:43.273084","fdb8:a2b6:f580:1:aeec:85ff:fe26:6ad","ff02::fb","MDNS","178","Standard query response 0x0000 AAAA, cache flush fdb8:a2b6:f580:1:aeec:85ff:fe26:6ad SRV, cache flush 0 0 39003 eero-ac:ec:85:26:06:a0.local"
"242","2024/048 13:31:43.861467","192.168.4.133","34.107.221.82","TCP","66","[TCP Keep-Alive] 38062  >  80 [ACK] Seq=590 Ack=431 Win=501 Len=0 TSval=1998374171 TSecr=4105758655"
"243","2024/048 13:31:43.894734","34.107.221.82","192.168.4.133","TCP","66","[TCP Keep-Alive ACK] 80  >  38062 [ACK] Seq=431 Ack=591 Win=269 Len=0 TSval=4105768842 TSecr=1998364018"
"244","2024/048 13:31:44.890348","192.168.4.133","34.160.144.191","TLSv1.2","112","Application Data"
"245","2024/048 13:31:44.890410","192.168.4.133","20.88.154.174","TLSv1.3","105","Application Data"
"246","2024/048 13:31:44.922497","34.160.144.191","192.168.4.133","TLSv1.2","112","Application Data"
"247","2024/048 13:31:44.922525","192.168.4.133","34.160.144.191","TCP","66","46270  >  443 [ACK] Seq=944 Ack=10768 Win=64128 Len=0 TSval=165247188 TSecr=4113277097"
"248","2024/048 13:31:44.944522","20.88.154.174","192.168.4.133","TLSv1.3","105","Application Data"
"249","2024/048 13:31:44.944566","192.168.4.133","20.88.154.174","TCP","66","57436  >  443 [ACK] Seq=916 Ack=4650 Win=64128 Len=0 TSval=2355539704 TSecr=2164866892"
"250","2024/048 13:31:46.343975","192.168.4.78","239.255.255.251","UDP","87","10101  >  10101 Len=45"
"251","2024/048 13:31:46.343975","192.168.4.78","224.0.0.250","UDP","87","10101  >  10101 Len=45"
"252","2024/048 13:31:48.891101","192.168.4.133","34.107.243.93","TLSv1.2","105","Application Data"
"253","2024/048 13:31:48.891168","192.168.4.133","34.149.100.209","TLSv1.2","112","Application Data"
"254","2024/048 13:31:48.924263","34.107.243.93","192.168.4.133","TLSv1.2","105","Application Data"
"255","2024/048 13:31:48.924294","192.168.4.133","34.107.243.93","TCP","66","46196  >  443 [ACK] Seq=157 Ack=157 Win=501 Len=0 TSval=3274470443 TSecr=1741975851"
"256","2024/048 13:31:48.930149","34.149.100.209","192.168.4.133","TLSv1.2","112","Application Data"
"257","2024/048 13:31:48.930179","192.168.4.133","34.149.100.209","TCP","66","47300  >  443 [ACK] Seq=231 Ack=33178 Win=603 Len=0 TSval=799011951 TSecr=917777981"
"258","2024/048 13:31:49.006334","192.168.4.76","224.0.0.251","MDNS","78","Standard query 0x0000 A X000002RWLU8.local, ""QM"" question"
"259","2024/048 13:31:49.006335","fe80::16c1:4eff:fe8f:6c74","ff02::fb","MDNS","98","Standard query 0x0000 A X000002RWLU8.local, ""QM"" question"
"260","2024/048 13:31:49.006335","fdb8:a2b6:f580:1::1","ff02::fb","MDNS","106","Standard query 0x0000 PTR 133.4.168.192.in-addr.arpa, ""QM"" question"
"261","2024/048 13:31:49.006335","192.168.4.1","224.0.0.251","MDNS","86","Standard query 0x0000 PTR 133.4.168.192.in-addr.arpa, ""QM"" question"
"262","2024/048 13:31:49.211069","fe80::d6ab:cdff:fef3:f67a","ff02::fb","MDNS","212","Standard query response 0x0000 A, cache flush 192.168.4.29 AAAA, cache flush fdb8:a2b6:f580:1:20ea:7fa6:93d8:aa5b AAAA, cache flush fdb8:a2b6:f580:1:d6ab:cdff:fef3:f67a AAAA, cache flush fe80::d6ab:cdff:fef3:f67a NSEC, cache flush X000002RWLU8.local"
"263","2024/048 13:31:49.211070","192.168.4.29","224.0.0.251","MDNS","192","Standard query response 0x0000 A, cache flush 192.168.4.29 AAAA, cache flush fdb8:a2b6:f580:1:20ea:7fa6:93d8:aa5b AAAA, cache flush fdb8:a2b6:f580:1:d6ab:cdff:fef3:f67a AAAA, cache flush fe80::d6ab:cdff:fef3:f67a NSEC, cache flush X000002RWLU8.local"
"264","2024/048 13:31:49.211070","192.168.4.77","224.0.0.251","MDNS","88","Standard query response 0x0000 A, cache flush 192.168.4.77"
"265","2024/048 13:31:49.212172","192.168.4.113","224.0.0.251","MDNS","89","Standard query response 0x0000 A, cache flush 192.168.4.113"
"266","2024/048 13:31:49.825543","192.168.4.76","224.0.0.251","MDNS","90","Standard query 0x0000 SRV tcl c105x 34e0._hap._tcp.local, ""QM"" question"
"267","2024/048 13:31:49.825544","fe80::16c1:4eff:fe8f:6c74","ff02::fb","MDNS","110","Standard query 0x0000 SRV tcl c105x 34e0._hap._tcp.local, ""QM"" question"
"268","2024/048 13:31:50.030311","192.168.4.29","224.0.0.251","MDNS","258","Standard query response 0x0000 SRV, cache flush 0 0 45589 X000002RWLU8.local A, cache flush 192.168.4.29 AAAA, cache flush fdb8:a2b6:f580:1:20ea:7fa6:93d8:aa5b AAAA, cache flush fdb8:a2b6:f580:1:d6ab:cdff:fef3:f67a AAAA, cache flush fe80::d6ab:cdff:fef3:f67a NSEC, cache flush TCL C105X 34E0._hap._tcp.local NSEC, cache flush X000002RWLU8.local"
"269","2024/048 13:31:50.030311","fe80::d6ab:cdff:fef3:f67a","ff02::fb","MDNS","278","Standard query response 0x0000 SRV, cache flush 0 0 45589 X000002RWLU8.local A, cache flush 192.168.4.29 AAAA, cache flush fdb8:a2b6:f580:1:20ea:7fa6:93d8:aa5b AAAA, cache flush fdb8:a2b6:f580:1:d6ab:cdff:fef3:f67a AAAA, cache flush fe80::d6ab:cdff:fef3:f67a NSEC, cache flush TCL C105X 34E0._hap._tcp.local NSEC, cache flush X000002RWLU8.local"
"270","2024/048 13:31:50.031434","fdb8:a2b6:f580:1::1","ff02::fb","MDNS","106","Standard query 0x0000 PTR 133.4.168.192.in-addr.arpa, ""QM"" question"
"271","2024/048 13:31:50.031435","192.168.4.1","224.0.0.251","MDNS","86","Standard query 0x0000 PTR 133.4.168.192.in-addr.arpa, ""QM"" question"
"272","2024/048 13:31:50.849377","192.168.4.76","224.0.0.251","MDNS","119","Standard query 0x0000 SRV d0413fc9-9d3c-0cea-a347-0001b9896b2c._googlezone._tcp.local, ""QM"" question"
"273","2024/048 13:31:50.849377","192.168.4.76","224.0.0.251","MDNS","186","Standard query response 0x0000 SRV, cache flush 610 3 10001 d0413fc9-9d3c-0cea-a347-0001b9896b2c.local A, cache flush 192.168.4.76"
"274","2024/048 13:31:50.849377","fe80::16c1:4eff:fe8f:6c74","ff02::fb","MDNS","139","Standard query 0x0000 SRV d0413fc9-9d3c-0cea-a347-0001b9896b2c._googlezone._tcp.local, ""QM"" question"
"275","2024/048 13:31:50.850632","fe80::16c1:4eff:fe8f:6c74","ff02::fb","MDNS","218","Standard query response 0x0000 SRV, cache flush 610 3 10001 d0413fc9-9d3c-0cea-a347-0001b9896b2c.local AAAA, cache flush fdb8:a2b6:f580:1:14d1:4f89:2a78:e19d"
"276","2024/048 13:31:50.891737","192.168.4.133","34.160.144.191","TLSv1.2","112","Application Data"
"277","2024/048 13:31:50.891801","192.168.4.133","20.88.154.174","TLSv1.3","105","Application Data"
"278","2024/048 13:31:50.926652","34.160.144.191","192.168.4.133","TLSv1.2","112","Application Data"
"279","2024/048 13:31:50.926685","192.168.4.133","34.160.144.191","TCP","66","46270  >  443 [ACK] Seq=990 Ack=10814 Win=64128 Len=0 TSval=165253192 TSecr=4113283100"
"280","2024/048 13:31:50.942073","20.88.154.174","192.168.4.133","TLSv1.3","105","Application Data"
"281","2024/048 13:31:50.942103","192.168.4.133","20.88.154.174","TCP","66","57436  >  443 [ACK] Seq=955 Ack=4689 Win=64128 Len=0 TSval=2355545701 TSecr=2164872890"
"282","2024/048 13:31:51.259064","192.168.4.76","224.0.0.251","MDNS","82","Standard query 0x0000 PTR _googlezone._tcp.local, ""QM"" question"
"283","2024/048 13:31:51.259065","192.168.4.76","224.0.0.251","MDNS","256","Standard query response 0x0000 PTR d0413fc9-9d3c-0cea-a347-0001b9896b2c._googlezone._tcp.local TXT, cache flush SRV, cache flush 610 3 10001 d0413fc9-9d3c-0cea-a347-0001b9896b2c.local A, cache flush 192.168.4.76"
"284","2024/048 13:31:51.259065","fe80::16c1:4eff:fe8f:6c74","ff02::fb","MDNS","102","Standard query 0x0000 PTR _googlezone._tcp.local, ""QM"" question"
"285","2024/048 13:31:51.260416","fe80::16c1:4eff:fe8f:6c74","ff02::fb","MDNS","288","Standard query response 0x0000 PTR d0413fc9-9d3c-0cea-a347-0001b9896b2c._googlezone._tcp.local TXT, cache flush SRV, cache flush 610 3 10001 d0413fc9-9d3c-0cea-a347-0001b9896b2c.local AAAA, cache flush fdb8:a2b6:f580:1:14d1:4f89:2a78:e19d"
"286","2024/048 13:31:51.260416","192.168.4.78","224.0.0.251","MDNS","256","Standard query response 0x0000 PTR 511aa5f3-f67d-99e4-fb43-c479ae460333._googlezone._tcp.local TXT, cache flush SRV, cache flush 610 44 10001 511aa5f3-f67d-99e4-fb43-c479ae460333.local A, cache flush 192.168.4.78"
"287","2024/048 13:31:51.260416","fe80::4ad6:d5ff:fe7a:f20a","ff02::fb","MDNS","288","Standard query response 0x0000 PTR 511aa5f3-f67d-99e4-fb43-c479ae460333._googlezone._tcp.local TXT, cache flush SRV, cache flush 610 44 10001 511aa5f3-f67d-99e4-fb43-c479ae460333.local AAAA, cache flush fdb8:a2b6:f580:1:1527:3e1:267c:f27d"
"288","2024/048 13:31:51.463883","192.168.4.76","224.0.0.251","MDNS","119","Standard query 0x0000 SRV 511aa5f3-f67d-99e4-fb43-c479ae460333._googlezone._tcp.local, ""QM"" question"
"289","2024/048 13:31:51.463883","fe80::16c1:4eff:fe8f:6c74","ff02::fb","MDNS","139","Standard query 0x0000 SRV 511aa5f3-f67d-99e4-fb43-c479ae460333._googlezone._tcp.local, ""QM"" question"
"290","2024/048 13:31:51.463884","192.168.4.78","224.0.0.251","MDNS","186","Standard query response 0x0000 SRV, cache flush 610 44 10001 511aa5f3-f67d-99e4-fb43-c479ae460333.local A, cache flush 192.168.4.78"
"291","2024/048 13:31:51.465091","fe80::4ad6:d5ff:fe7a:f20a","ff02::fb","MDNS","218","Standard query response 0x0000 SRV, cache flush 610 44 10001 511aa5f3-f67d-99e4-fb43-c479ae460333.local AAAA, cache flush fdb8:a2b6:f580:1:1527:3e1:267c:f27d"
"292","2024/048 13:31:52.078201","192.168.4.78","224.0.0.251","MDNS","82","Standard query 0x0000 PTR _googlecast._tcp.local, ""QM"" question"
"293","2024/048 13:31:52.078202","fe80::4ad6:d5ff:fe7a:f20a","ff02::fb","MDNS","102","Standard query 0x0000 PTR _googlecast._tcp.local, ""QM"" question"
"294","2024/048 13:31:52.079286","192.168.4.78","224.0.0.251","MDNS","426","Standard query response 0x0000 PTR Google-Home-Mini-511aa5f3f67d99e4fb43c479ae460333._googlecast._tcp.local TXT, cache flush SRV, cache flush 0 0 8009 511aa5f3-f67d-99e4-fb43-c479ae460333.local A, cache flush 192.168.4.78"
"295","2024/048 13:31:52.079286","fe80::4ad6:d5ff:fe7a:f20a","ff02::fb","MDNS","458","Standard query response 0x0000 PTR Google-Home-Mini-511aa5f3f67d99e4fb43c479ae460333._googlecast._tcp.local TXT, cache flush SRV, cache flush 0 0 8009 511aa5f3-f67d-99e4-fb43-c479ae460333.local AAAA, cache flush fdb8:a2b6:f580:1:1527:3e1:267c:f27d"
"296","2024/048 13:31:52.079286","192.168.4.76","224.0.0.251","MDNS","82","Standard query 0x0000 PTR _googlecast._tcp.local, ""QM"" question"
"297","2024/048 13:31:52.080842","192.168.4.76","224.0.0.251","MDNS","423","Standard query response 0x0000 PTR Google-Nest-Mini-d0413fc99d3c0ceaa3470001b9896b2c._googlecast._tcp.local TXT, cache flush SRV, cache flush 0 0 8009 d0413fc9-9d3c-0cea-a347-0001b9896b2c.local A, cache flush 192.168.4.76"
"298","2024/048 13:31:52.080842","fe80::16c1:4eff:fe8f:6c74","ff02::fb","MDNS","102","Standard query 0x0000 PTR _googlecast._tcp.local, ""QM"" question"
"299","2024/048 13:31:52.080842","fe80::16c1:4eff:fe8f:6c74","ff02::fb","MDNS","455","Standard query response 0x0000 PTR Google-Nest-Mini-d0413fc99d3c0ceaa3470001b9896b2c._googlecast._tcp.local TXT, cache flush SRV, cache flush 0 0 8009 d0413fc9-9d3c-0cea-a347-0001b9896b2c.local AAAA, cache flush fdb8:a2b6:f580:1:14d1:4f89:2a78:e19d"
"300","2024/048 13:31:52.081979","fdb8:a2b6:f580:1::1","ff02::fb","MDNS","106","Standard query 0x0000 PTR 133.4.168.192.in-addr.arpa, ""QM"" question"
"301","2024/048 13:31:52.081979","192.168.4.1","224.0.0.251","MDNS","86","Standard query 0x0000 PTR 133.4.168.192.in-addr.arpa, ""QM"" question"
"302","2024/048 13:31:52.081979","192.168.4.76","224.0.0.251","MDNS","423","Standard query response 0x0000 PTR Google-Nest-Mini-d0413fc99d3c0ceaa3470001b9896b2c._googlecast._tcp.local TXT, cache flush SRV, cache flush 0 0 8009 d0413fc9-9d3c-0cea-a347-0001b9896b2c.local A, cache flush 192.168.4.76"
"303","2024/048 13:31:53.263883","20.88.154.174","192.168.4.133","TLSv1.3","90","Application Data"
"304","2024/048 13:31:53.263942","192.168.4.133","20.88.154.174","TCP","66","57448  >  443 [ACK] Seq=1632 Ack=5319 Win=64128 Len=0 TSval=2355548023 TSecr=3087691258"
"305","2024/048 13:31:53.264149","192.168.4.133","20.88.154.174","TLSv1.3","94","Application Data"
"306","2024/048 13:31:53.358403","20.88.154.174","192.168.4.133","TCP","66","443  >  57448 [ACK] Seq=5319 Ack=1660 Win=64128 Len=0 TSval=3087691355 TSecr=2355548023"
"307","2024/048 13:31:54.101533","192.168.4.133","34.107.221.82","TCP","66","[TCP Keep-Alive] 38062  >  80 [ACK] Seq=590 Ack=431 Win=501 Len=0 TSval=1998384411 TSecr=4105768842"
"308","2024/048 13:31:54.135933","34.107.221.82","192.168.4.133","TCP","66","[TCP Keep-Alive ACK] 80  >  38062 [ACK] Seq=431 Ack=591 Win=269 Len=0 TSval=4105779083 TSecr=1998364018"
"309","2024/048 13:31:54.892380","192.168.4.133","34.107.243.93","TLSv1.2","105","Application Data"
"310","2024/048 13:31:54.892467","192.168.4.133","34.149.100.209","TLSv1.2","112","Application Data"
"311","2024/048 13:31:54.924914","34.107.243.93","192.168.4.133","TLSv1.2","119","Application Data"
"312","2024/048 13:31:54.924914","34.107.243.93","192.168.4.133","TCP","66","443  >  46196 [FIN, ACK] Seq=210 Ack=196 Win=265 Len=0 TSval=1741981852 TSecr=3274476411"
"313","2024/048 13:31:54.924943","192.168.4.133","34.107.243.93","TCP","66","46196  >  443 [ACK] Seq=196 Ack=210 Win=501 Len=0 TSval=3274476444 TSecr=1741981852"
"314","2024/048 13:31:54.925092","192.168.4.133","34.107.243.93","TLSv1.2","105","Application Data"
"315","2024/048 13:31:54.925624","192.168.4.133","34.107.243.93","TLSv1.2","90","Application Data"
"316","2024/048 13:31:54.925672","192.168.4.133","34.107.243.93","TCP","66","46196  >  443 [FIN, ACK] Seq=259 Ack=211 Win=501 Len=0 TSval=3274476445 TSecr=1741981852"
"317","2024/048 13:31:54.931939","34.149.100.209","192.168.4.133","TLSv1.2","126","Application Data"
"318","2024/048 13:31:54.931940","34.149.100.209","192.168.4.133","TCP","66","443  >  47300 [FIN, ACK] Seq=33238 Ack=277 Win=273 Len=0 TSval=917783982 TSecr=799017914"
"319","2024/048 13:31:54.931975","192.168.4.133","34.149.100.209","TCP","66","47300  >  443 [ACK] Seq=277 Ack=33238 Win=603 Len=0 TSval=799017953 TSecr=917783982"
"320","2024/048 13:31:54.932154","192.168.4.133","34.149.100.209","TLSv1.2","112","Application Data"
"321","2024/048 13:31:54.932310","192.168.4.133","34.149.100.209","TLSv1.2","97","Encrypted Alert"
"322","2024/048 13:31:54.932342","192.168.4.133","34.149.100.209","TCP","66","47300  >  443 [FIN, ACK] Seq=354 Ack=33239 Win=603 Len=0 TSval=799017953 TSecr=917783982"
"323","2024/048 13:31:54.957027","34.107.243.93","192.168.4.133","TCP","54","443  >  46196 [RST] Seq=211 Win=0 Len=0"
"324","2024/048 13:31:54.961819","34.107.243.93","192.168.4.133","TCP","54","443  >  46196 [RST] Seq=211 Win=0 Len=0"
"325","2024/048 13:31:54.961819","34.107.243.93","192.168.4.133","TCP","54","443  >  46196 [RST] Seq=211 Win=0 Len=0"
"326","2024/048 13:31:54.968863","34.149.100.209","192.168.4.133","TCP","54","443  >  47300 [RST] Seq=33239 Win=0 Len=0"
"327","2024/048 13:31:56.892991","192.168.4.133","34.160.144.191","TLSv1.2","112","Application Data"
"328","2024/048 13:31:56.893048","192.168.4.133","20.88.154.174","TLSv1.3","105","Application Data"
"329","2024/048 13:31:56.925354","34.160.144.191","192.168.4.133","TLSv1.2","126","Application Data"
"330","2024/048 13:31:56.925355","34.160.144.191","192.168.4.133","TCP","66","443  >  46270 [FIN, ACK] Seq=10874 Ack=1036 Win=68864 Len=0 TSval=4113289100 TSecr=165259158"
"331","2024/048 13:31:56.925387","192.168.4.133","34.160.144.191","TCP","66","46270  >  443 [ACK] Seq=1036 Ack=10874 Win=64128 Len=0 TSval=165259190 TSecr=4113289100"
"332","2024/048 13:31:56.925563","192.168.4.133","34.160.144.191","TLSv1.2","112","Application Data"
"333","2024/048 13:31:56.925712","192.168.4.133","34.160.144.191","TLSv1.2","97","Encrypted Alert"
"334","2024/048 13:31:56.925740","192.168.4.133","34.160.144.191","TCP","66","46270  >  443 [FIN, ACK] Seq=1113 Ack=10875 Win=64128 Len=0 TSval=165259191 TSecr=4113289100"
"335","2024/048 13:31:56.945383","20.88.154.174","192.168.4.133","TLSv1.3","105","Application Data"
"336","2024/048 13:31:56.945439","192.168.4.133","20.88.154.174","TCP","66","57436  >  443 [ACK] Seq=994 Ack=4728 Win=64128 Len=0 TSval=2355551704 TSecr=2164878895"
"337","2024/048 13:31:56.962356","34.160.144.191","192.168.4.133","TCP","54","443  >  46270 [RST] Seq=10875 Win=0 Len=0"
"338","2024/048 13:31:57.402863","192.168.4.76","255.255.255.255","UDP","82","9487  >  9478 Len=40"
"339","2024/048 13:32:02.522801","192.168.4.76","255.255.255.255","TPLINK-SMARTHOME/JSON","74","UDP Cmd: {""system"":{""get_sysinfo"":{}}}"
"340","2024/048 13:32:02.893636","192.168.4.133","20.88.154.174","TLSv1.3","105","Application Data"
"341","2024/048 13:32:02.942852","20.88.154.174","192.168.4.133","TLSv1.3","105","Application Data"
"342","2024/048 13:32:02.942882","192.168.4.133","20.88.154.174","TCP","66","57436  >  443 [ACK] Seq=1033 Ack=4767 Win=64128 Len=0 TSval=2355557702 TSecr=2164884891"
"343","2024/048 13:32:04.341523","192.168.4.133","34.107.221.82","TCP","66","[TCP Keep-Alive] 38062  >  80 [ACK] Seq=590 Ack=431 Win=501 Len=0 TSval=1998394651 TSecr=4105779083"
"344","2024/048 13:32:04.373597","34.107.221.82","192.168.4.133","TCP","66","[TCP Keep-Alive ACK] 80  >  38062 [ACK] Seq=431 Ack=591 Win=269 Len=0 TSval=4105789322 TSecr=1998364018"
"345","2024/048 13:32:04.517391","eero_44:35:52","Netgear_2c:58:ef","ARP","42","Who has 192.168.4.133? Tell 192.168.4.1"
"346","2024/048 13:32:04.517416","Netgear_2c:58:ef","eero_44:35:52","ARP","42","192.168.4.133 is at e0:46:ee:2c:58:ef"
